INSERT INTO SECURITY_RESOURCE_GROUP (RESOURCE_GROUP_ID, RESOURCE_GROUP_NAME) VALUES (1,'global');
INSERT INTO SECURITY_RESOURCE_GROUP (RESOURCE_GROUP_ID, RESOURCE_GROUP_NAME) VALUES (2, 'resource_group_security');
-- INSERT INTO SECURITY_ROLE (ROLE_ID, ROLE_NAME) VALUES (1, 'security_root');
INSERT INTO SECURITY_USER (USER_ID, LOGIN_NAME, PASSWORD_VALUE, FIRST_NAME, LAST_NAME, locked, confirmed, access_counter, max_inactive_interval) VALUES (1, 'root', '{md5}kS7IA7LOSeSlQQaNSVq1cA==', 'Super', 'User', false, true, 0, 0);
INSERT INTO SECURITY_USER (USER_ID, LOGIN_NAME, PASSWORD_VALUE, FIRST_NAME, LAST_NAME, locked, confirmed, access_counter, max_inactive_interval) VALUES (2, 'johnny', '{md5}kS7IA7LOSeSlQQaNSVq1cA==', 'Super', 'User', false, true, 0, 0);
INSERT INTO SECURITY_USER (USER_ID, LOGIN_NAME, PASSWORD_VALUE, FIRST_NAME, LAST_NAME, locked, confirmed, access_counter, max_inactive_interval) VALUES (3, 'jerry', '{md5}kS7IA7LOSeSlQQaNSVq1cA==', 'Super', 'User', false, true, 0, 0);
INSERT INTO SECURITY_USER (USER_ID, LOGIN_NAME, PASSWORD_VALUE, FIRST_NAME, LAST_NAME, locked, confirmed, access_counter, max_inactive_interval) VALUES (8, 'anonymous', 'x', 'Anonymous', 'User', false, true, 0, 0);
INSERT INTO SECURITY_USER_RESOURCE_GROUP_ROLE ( USER_ID, RESOURCE_GROUP_ID, ROLE_ID )
SELECT SECURITY_USER.USER_ID, SECURITY_RESOURCE_GROUP.RESOURCE_GROUP_ID, SECURITY_ROLE.ROLE_ID from 
SECURITY_USER, SECURITY_RESOURCE_GROUP, SECURITY_ROLE
WHERE SECURITY_USER.LOGIN_NAME = 'turbine' AND 
SECURITY_RESOURCE_GROUP.RESOURCE_GROUP_NAME = 'global' AND SECURITY_ROLE.ROLE_NAME = 'security_root';
--INSERT INTO SECURITY_PERMISSION (PERMISSION_ID, PERMISSION_NAME, PERMISSION_DESC)  VALUES  (1, 'security_change_password_u', ''); CALL NEXT VALUE FOR SECURITY_PERMISSION_SEQUENCE;
--INSERT INTO SECURITY_PERMISSION (PERMISSION_ID, PERMISSION_NAME, PERMISSION_DESC)  VALUES  (2, 'security_change_own_password_u', 'Change user own password only. Allowed also for regular users'); CALL NEXT VALUE FOR SECURITY_PERMISSION_SEQUENCE;
--INSERT INTO SECURITY_PERMISSION (PERMISSION_ID, PERMISSION_NAME, PERMISSION_DESC)  VALUES  (3, 'security_permission_c', ''); CALL NEXT VALUE FOR SECURITY_PERMISSION_SEQUENCE;
--INSERT INTO SECURITY_PERMISSION (PERMISSION_ID, PERMISSION_NAME, PERMISSION_DESC)  VALUES  (4, 'security_permission_d', ''); CALL NEXT VALUE FOR SECURITY_PERMISSION_SEQUENCE;
--INSERT INTO SECURITY_PERMISSION (PERMISSION_ID, PERMISSION_NAME, PERMISSION_DESC)  VALUES  (5, 'security_permission_r', ''); CALL NEXT VALUE FOR SECURITY_PERMISSION_SEQUENCE;
--INSERT INTO SECURITY_PERMISSION (PERMISSION_ID, PERMISSION_NAME, PERMISSION_DESC)  VALUES  (6, 'security_permission_u', ''); CALL NEXT VALUE FOR SECURITY_PERMISSION_SEQUENCE;
--INSERT INTO SECURITY_PERMISSION (PERMISSION_ID, PERMISSION_NAME, PERMISSION_DESC)  VALUES  (7, 'security_resource_group_c', ''); CALL NEXT VALUE FOR SECURITY_PERMISSION_SEQUENCE;
--INSERT INTO SECURITY_PERMISSION (PERMISSION_ID, PERMISSION_NAME, PERMISSION_DESC)  VALUES  (8, 'security_resource_group_d', ''); CALL NEXT VALUE FOR SECURITY_PERMISSION_SEQUENCE;
--INSERT INTO SECURITY_PERMISSION (PERMISSION_ID, PERMISSION_NAME, PERMISSION_DESC)  VALUES  (9, 'security_resource_group_r', ''); CALL NEXT VALUE FOR SECURITY_PERMISSION_SEQUENCE;
--INSERT INTO SECURITY_PERMISSION (PERMISSION_ID, PERMISSION_NAME, PERMISSION_DESC)  VALUES  (10, 'security_resource_group_u', ''); CALL NEXT VALUE FOR SECURITY_PERMISSION_SEQUENCE;
--INSERT INTO SECURITY_PERMISSION (PERMISSION_ID, PERMISSION_NAME, PERMISSION_DESC)  VALUES  (11, 'security_role_c', ''); CALL NEXT VALUE FOR SECURITY_PERMISSION_SEQUENCE;
--INSERT INTO SECURITY_PERMISSION (PERMISSION_ID, PERMISSION_NAME, PERMISSION_DESC)  VALUES  (12, 'security_role_d', ''); CALL NEXT VALUE FOR SECURITY_PERMISSION_SEQUENCE;
--INSERT INTO SECURITY_PERMISSION (PERMISSION_ID, PERMISSION_NAME, PERMISSION_DESC)  VALUES  (13, 'security_role_r', ''); CALL NEXT VALUE FOR SECURITY_PERMISSION_SEQUENCE;
--INSERT INTO SECURITY_PERMISSION (PERMISSION_ID, PERMISSION_NAME, PERMISSION_DESC)  VALUES  (14, 'security_role_u', ''); CALL NEXT VALUE FOR SECURITY_PERMISSION_SEQUENCE;
--INSERT INTO SECURITY_PERMISSION (PERMISSION_ID, PERMISSION_NAME, PERMISSION_DESC)  VALUES  (15, 'security_user_c', ''); CALL NEXT VALUE FOR SECURITY_PERMISSION_SEQUENCE;
--INSERT INTO SECURITY_PERMISSION (PERMISSION_ID, PERMISSION_NAME, PERMISSION_DESC)  VALUES  (16, 'security_user_d', ''); CALL NEXT VALUE FOR SECURITY_PERMISSION_SEQUENCE;
--INSERT INTO SECURITY_PERMISSION (PERMISSION_ID, PERMISSION_NAME, PERMISSION_DESC)  VALUES  (17, 'security_user_group_role_r', ''); CALL NEXT VALUE FOR SECURITY_PERMISSION_SEQUENCE;
--INSERT INTO SECURITY_PERMISSION (PERMISSION_ID, PERMISSION_NAME, PERMISSION_DESC)  VALUES  (18, 'security_user_group_role_u', ''); CALL NEXT VALUE FOR SECURITY_PERMISSION_SEQUENCE;
--INSERT INTO SECURITY_PERMISSION (PERMISSION_ID, PERMISSION_NAME, PERMISSION_DESC)  VALUES  (19, 'security_user_r', ''); CALL NEXT VALUE FOR SECURITY_PERMISSION_SEQUENCE;
--INSERT INTO SECURITY_PERMISSION (PERMISSION_ID, PERMISSION_NAME, PERMISSION_DESC)  VALUES  (20, 'security_user_u', ''); CALL NEXT VALUE FOR SECURITY_PERMISSION_SEQUENCE;
--INSERT INTO SECURITY_PERMISSION (PERMISSION_ID, PERMISSION_NAME, PERMISSION_DESC)  VALUES  (21, 'security_required_permission_r', 'Allows to view required permissions in grups for builers and actions'); CALL NEXT VALUE FOR SECURITY_PERMISSION_SEQUENCE;
--INSERT INTO SECURITY_PERMISSION (PERMISSION_ID, PERMISSION_NAME, PERMISSION_DESC)  VALUES  (22, 'security_close_http_session', 'Allows to close other user http session. It causes of user logout'); CALL NEXT VALUE FOR SECURITY_PERMISSION_SEQUENCE;
--INSERT INTO SECURITY_PERMISSION (PERMISSION_ID, PERMISSION_NAME, PERMISSION_DESC)  VALUES  (23, 'security_switch_user', 'Allows to switch to current httpSession to AccessControlList of another user'); CALL NEXT VALUE FOR SECURITY_PERMISSION_SEQUENCE;
--INSERT INTO SECURITY_PERMISSION (PERMISSION_ID, PERMISSION_NAME, PERMISSION_DESC)  VALUES  (24, 'security_role_users_r', 'Read of users list who has given role'); CALL NEXT VALUE FOR SECURITY_PERMISSION_SEQUENCE;
--INSERT INTO SECURITY_PERMISSION (PERMISSION_ID, PERMISSION_NAME, PERMISSION_DESC)  VALUES  (25, 'security_permission_users_r', 'Allows view of users, groups and roles where given permission is used'); CALL NEXT VALUE FOR SECURITY_PERMISSION_SEQUENCE;
--INSERT INTO SECURITY_PERMISSION (PERMISSION_ID, PERMISSION_NAME, PERMISSION_DESC)  VALUES  (26, 'security_resource_group_users_r', 'Read of users who has in given group at least one permission'); CALL NEXT VALUE FOR SECURITY_PERMISSION_SEQUENCE;
--INSERT INTO SECURITY_PERMISSION (PERMISSION_ID, PERMISSION_NAME, PERMISSION_DESC)  VALUES  (27, 'security_user_group_role_det_r', 'Detail user serurity group permission raport view'); CALL NEXT VALUE FOR SECURITY_PERMISSION_SEQUENCE;
--INSERT INTO SECURITY_PERMISSION (PERMISSION_ID, PERMISSION_NAME, PERMISSION_DESC)  VALUES  (28, 'logged_in_users', 'Allows to view logged in user list'); CALL NEXT VALUE FOR SECURITY_PERMISSION_SEQUENCE;
--INSERT INTO SECURITY_PERMISSION (PERMISSION_ID, PERMISSION_NAME, PERMISSION_DESC)  VALUES  (29, 'resource_reload', 'Resource reload permission: Security tokens, Secure menu, Templating subsystem'); CALL NEXT VALUE FOR SECURITY_PERMISSION_SEQUENCE;
--INSERT INTO SECURITY_PERMISSION (PERMISSION_ID, PERMISSION_NAME, PERMISSION_DESC)  VALUES  (30, '', ''); CALL NEXT VALUE FOR SECURITY_PERMISSION_SEQUENCE;
INSERT INTO SECURITY_ROLE_PERMISSION (ROLE_ID,PERMISSION_ID) 
SELECT SECURITY_ROLE.ROLE_ID, SECURITY_PERMISSION.PERMISSION_ID FROM 
SECURITY_ROLE, SECURITY_PERMISSION
WHERE SECURITY_PERMISSION.PERMISSION_NAME = 'admin_users' AND 
SECURITY_ROLE.ROLE_NAME = 'security_root';




INSERT INTO SECURITY_PERMISSION (PERMISSION_ID, PERMISSION_NAME, PERMISSION_DESC) VALUES (31, 'list_files', 'Uprawnienie do przeglądania plików');
INSERT INTO SECURITY_PERMISSION (PERMISSION_ID, PERMISSION_NAME, PERMISSION_DESC) VALUES (32, 'download_files', 'Uprawnienie do pobierania plików');
INSERT INTO SECURITY_PERMISSION (PERMISSION_ID, PERMISSION_NAME, PERMISSION_DESC) VALUES (33, 'share_files', 'Uprawnienie do udostępniania plików');
INSERT INTO SECURITY_PERMISSION (PERMISSION_ID, PERMISSION_NAME, PERMISSION_DESC) VALUES (34, 'update_info', 'Uprawnienie do aktualizowania informacji o grupie');
INSERT INTO SECURITY_PERMISSION (PERMISSION_ID, PERMISSION_NAME, PERMISSION_DESC) VALUES (35, 'delete', 'Uprawnienie do usunięcia grupy');
INSERT INTO SECURITY_PERMISSION (PERMISSION_ID, PERMISSION_NAME, PERMISSION_DESC) VALUES (36, 'manage_roles', 'Uprawnienie zapraszania użytkowników');
INSERT INTO SECURITY_PERMISSION (PERMISSION_ID, PERMISSION_NAME, PERMISSION_DESC) VALUES (37, 'comment', 'Uprawnienie do komentowania dokumentów');

INSERT INTO SECURITY_ROLE (ROLE_ID, ROLE_NAME, ROLE_DESC) VALUES (2, 'Przeglądacz', 'Rola dla osób mogących przeglądać pliki w grupie zasobów');
INSERT INTO SECURITY_ROLE (ROLE_ID, ROLE_NAME, ROLE_DESC) VALUES (3, 'Komentopisarz', 'Rola dla osób mogących komentować pliki w grupie zasobów');
INSERT INTO SECURITY_ROLE (ROLE_ID, ROLE_NAME, ROLE_DESC) VALUES (4, 'Pobieracz', 'Rola dla osób mogących pobierać pliki w grupie zasobów');
INSERT INTO SECURITY_ROLE (ROLE_ID, ROLE_NAME, ROLE_DESC) VALUES (5, 'Wrzucacz', 'Rola dla osób mogących pobierać pliki w grupie zasobów');
INSERT INTO SECURITY_ROLE (ROLE_ID, ROLE_NAME, ROLE_DESC) VALUES (6, 'Admin', 'Rola administracyjna');

INSERT INTO SECURITY_ROLE_PERMISSION(ROLE_ID, PERMISSION_ID) VALUES (2, 31);
INSERT INTO SECURITY_ROLE_PERMISSION(ROLE_ID, PERMISSION_ID) VALUES (3, 31);
INSERT INTO SECURITY_ROLE_PERMISSION(ROLE_ID, PERMISSION_ID) VALUES (3, 37);
INSERT INTO SECURITY_ROLE_PERMISSION(ROLE_ID, PERMISSION_ID) VALUES (4, 31);
INSERT INTO SECURITY_ROLE_PERMISSION(ROLE_ID, PERMISSION_ID) VALUES (4, 32);
INSERT INTO SECURITY_ROLE_PERMISSION(ROLE_ID, PERMISSION_ID) VALUES (5, 31);
INSERT INTO SECURITY_ROLE_PERMISSION(ROLE_ID, PERMISSION_ID) VALUES (5, 33);
INSERT INTO SECURITY_ROLE_PERMISSION(ROLE_ID, PERMISSION_ID) VALUES (6, 31);
INSERT INTO SECURITY_ROLE_PERMISSION(ROLE_ID, PERMISSION_ID) VALUES (6, 32);
INSERT INTO SECURITY_ROLE_PERMISSION(ROLE_ID, PERMISSION_ID) VALUES (6, 33);
INSERT INTO SECURITY_ROLE_PERMISSION(ROLE_ID, PERMISSION_ID) VALUES (6, 34);
INSERT INTO SECURITY_ROLE_PERMISSION(ROLE_ID, PERMISSION_ID) VALUES (6, 35);
INSERT INTO SECURITY_ROLE_PERMISSION(ROLE_ID, PERMISSION_ID) VALUES (6, 36);
INSERT INTO SECURITY_ROLE_PERMISSION(ROLE_ID, PERMISSION_ID) VALUES (6, 37);

INSERT INTO SECURITY_RESOURCE_GROUP(RESOURCE_GROUP_ID, RESOURCE_GROUP_NAME, RESOURCE_GROUP_DESC) VALUES (3, 'LFC fans', '');

INSERT INTO SECURITY_USER_RESOURCE_GROUP_ROLE(USER_ID, RESOURCE_GROUP_ID, ROLE_ID) VALUES (1, 3, 6);
INSERT INTO SECURITY_USER_RESOURCE_GROUP_ROLE(USER_ID, RESOURCE_GROUP_ID, ROLE_ID) VALUES (2, 3, 2);


ALTER SEQUENCE SECURITY_RESOURCE_GROUP_SEQUENCE RESTART WITH 4;
ALTER SEQUENCE SECURITY_ROLE_SEQUENCE RESTART WITH 6;
ALTER SEQUENCE SECURITY_PERMISSION_SEQUENCE RESTART WITH 37;
ALTER SEQUENCE SECURITY_USER_SEQUENCE RESTART WITH 9;